{
  "env": "local-mongo-gis",
  "tier": "L",
  "timestamp": "2026-02-09T05:53:30.944Z",
  "summary": {
    "totalQueries": 4,
    "passed": 1,
    "failed": 2,
    "skipped": 1,
    "verdict": "FAIL"
  },
  "results": [
    {
      "name": "G9",
      "label": "Mixed-read G9",
      "samples": 25,
      "min": 1.1331669999999576,
      "p50": 5.196958999999879,
      "p95": 82.67554199999995,
      "p99": 83.60045799999989,
      "max": 83.60045799999989,
      "avgRowCount": 14,
      "threshold": 100,
      "pass": true
    },
    {
      "name": "G1",
      "label": "Mixed-read G1",
      "samples": 37,
      "min": 2.1735829999997804,
      "p50": 7.286458000000039,
      "p95": 84.15591700000004,
      "p99": 95.6016669999999,
      "max": 95.6016669999999,
      "avgRowCount": 96,
      "threshold": 50,
      "pass": false
    },
    {
      "name": "G5",
      "label": "Mixed-read G5",
      "samples": 38,
      "min": 82.84029100000043,
      "p50": 394.649625,
      "p95": 491.2897499999999,
      "p99": 495.19979200000034,
      "max": 495.19979200000034,
      "avgRowCount": 241,
      "threshold": 100,
      "pass": false
    },
    {
      "name": "WRITE",
      "label": "Mixed-write insert",
      "samples": 50,
      "min": 0.961207999999715,
      "p50": 2.6280000000001564,
      "p95": 73.55116700000008,
      "p99": 105.21370900000011,
      "max": 105.21370900000011,
      "avgRowCount": 1,
      "threshold": null,
      "pass": null
    }
  ],
  "indexConfig": "B",
  "mode": "mixed"
}